{"cameraMode":{"drawMode":0,"name":"Shaded","section":"Shading Mode"},"sceneLighting":true,"audioPlay":false,"sceneViewState":{"showFog":true,"showMaterialUpdate":false,"showSkybox":true,"showFlares":true,"showImageEffects":true,"showParticleSystems":true},"in2DMode":false,"pivot":{"x":729.079345703125,"y":826.8267211914063,"z":89.02204895019531},"rotation":{"x":-0.17874503135681153,"y":0.8143470883369446,"z":-0.44467857480049136,"w":-0.327338844537735},"size":31.140872955322267,"orthographic":false}