{"cameraMode":{"drawMode":0,"name":"Shaded","section":"Shading Mode"},"sceneLighting":true,"audioPlay":false,"sceneViewState":{"showFog":true,"showMaterialUpdate":false,"showSkybox":true,"showFlares":true,"showImageEffects":true,"showParticleSystems":true},"in2DMode":false,"pivot":{"x":152.76177978515626,"y":0.4248046875,"z":-0.6328391432762146},"rotation":{"x":0.32403427362442019,"y":0.00709525728598237,"z":-0.002430303953588009,"w":0.9460163116455078},"size":3.690058946609497,"orthographic":true}